{"centre":[{"ville":"NANTES","tel":"0240350500","velos_classiques":"OUI","adresse":"3 place Bretagne","vae":"OUI","observations":"www.go-sport.com","nom":"GO SPORT","cp":"44000","location":[47.21715,-1.559168],"desc":"GO SPORT\n3 place Bretagne"},{"velos_classiques":"OUI","reparation_toutes_marques":"OUI","nom":"URBAN CYCLE","ville":"NANTES","reparation_sans_rdv":"OUI+service minute sans rdv","adresse":"35 chaussée de la Madeleine","vae":"OUI","observations":"www.urbancycle.fr","mail":"urban.cycle@orange.fr","tel":"0251899270","cp":"44000","location":[47.210048,-1.550749],"desc":"URBAN CYCLE\n35 chaussée de la Madeleine"},{"ville":"NANTES","tel":"0240892222","velos_classiques":"pliant","adresse":"Passage Pommeraye","vae":"OUI","observations":"www.natureetdecouvertes.com","nom":"NATURE ET DECOUVERTE","cp":"44000","location":[47.21355,-1.560009],"desc":"NATURE ET DECOUVERTE\nPassage Pommeraye"},{"ville":"NANTES","tel":"0679358389","nom":"POUPOUPIDOU","adresse":"21 Quai Ernest Renaud","observations":"www.lepoupoupidou.fr","mail":"atelier@lepoupoupidou.fr","cp":"44100","location":[47.204801,-1.575058],"desc":"POUPOUPIDOU\n21 Quai Ernest Renaud"},{"nom":"BO VELO","tel":"0228492043","ville":"NANTES","adresse":"62 Bd victor Hugo","location":[47.201887,-1.548511],"cp":"44200","desc":"BO VELO\n62 Bd victor Hugo"},{"velos_classiques":"pliant","reparation_toutes_marques":"NON","nom":"NATURE ET DECOUVERTE","ville":"NANTES","reparation_sans_rdv":"NON","adresse":"6 rue Docteur Zamenhof","vae":"OUI","observations":"www.natureetdecouvertes.com","tel":"0251837470","cp":"44000","location":[47.218859,-1.566985],"desc":"NATURE ET DECOUVERTE\n6 rue Docteur Zamenhof"},{"ville":"Nantes","tel":"0228296945","nom":"ECOX","adresse":"4 allée du Port Maillard","vae":"OUI","observations":"http://www.ecox.fr/","mail":"nantes@ecox.fr","cp":"44000","location":[47.21508,-1.550964],"desc":"ECOX\n4 allée du Port Maillard"},{"nom":"LES SARDINES A VELO","reparation_toutes_marques":"OUI","velos_classiques":"OUI","ville":"NANTES","reparation_sans_rdv":"NON","adresse":"13 Rue la Tour d'Auvergne","observations":"www.sardinesavelo.com","mail":"info@sardinesavelo.com","tel":"0981673060","cp":"44200","location":[47.206529,-1.554154],"desc":"LES SARDINES A VELO\n13 Rue la Tour d'Auvergne"},{"ville":"NANTES","tel":"0967490066","velos_classiques":"OUI","adresse":"28 rue Scribe","location":[47.213962,-1.563407],"nom":"LUIS'S BIKE SHOP","mail":"luissbikeshop@hotmail.com","cp":"44000","desc":"LUIS'S BIKE SHOP\n28 rue Scribe"},{"ville":"Nantes","tel":"0950165811","nom":"ALTERNATIVE BIKE","adresse":"31 rue de Strasbourg","vae":"OUI","observations":"https://alternative.bike/","mail":"contact@alternative.bike","cp":"44000","location":[47.219178,-1.554066],"desc":"ALTERNATIVE BIKE\n31 rue de Strasbourg"},{"velos_classiques":"OUI","tel":"0240751989","nom":"BO VELO","ville":"NANTES","adresse":"3 cours Olivier de Clisson","vae":"OUI","observations":"www.bovelonantes.com","mail":"contact@bovelonantes.com","cp":"44000","location":[47.213154,-1.554254],"desc":"BO VELO\n3 cours Olivier de Clisson"}],"nord":[{"ville":"SAINT LUCE SUR LOIRE","tel":"0285526900","velos_classiques":"OUI","adresse":"10 Avenue de Bretagne","vae":"OUI","location":[47.250595,-1.483093],"nom":"CYCLE EXPERTS","cp":"44980","desc":"CYCLE EXPERTS\n10 Avenue de Bretagne"},{"ville":"Nantes","tel":"0240689797","velos_classiques":"pliant","adresse":"Rue du Perray","vae":"OUI","observations":"www.feuvert.fr","nom":"FEU VERT PARIDIS","cp":"44300","location":[47.246879,-1.511623],"desc":"FEU VERT PARIDIS\nRue du Perray"},{"velos_classiques":"OUI","reparation_toutes_marques":"OUI","nom":"PHIL' CYCLES","ville":"SAINTE-LUCE/LOIRE","reparation_sans_rdv":"NON","adresse":"200 route de Thouaré","vae":"OUI","observations":"www.philcycles.fr","mail":"philcycles@wanadoo.fr","tel":"0240256383","cp":"44980","location":[47.257886,-1.459463],"desc":"PHIL' CYCLES\n200 route de Thouaré"},{"nom":"CYCLO'TOP 44","reparation_toutes_marques":"NON","velos_classiques":"OUI","ville":"NANTES","reparation_sans_rdv":"NON","adresse":"32 route de Sainte-Luce","vae":"OUI","location":[47.230151,-1.524124],"tel":"0240492905","cp":"44300","desc":"CYCLO'TOP 44\n32 route de Sainte-Luce"},{"velos_classiques":"OUI","reparation_toutes_marques":"OUI","nom":"BECYCL","ville":"CARQUEFOU","reparation_sans_rdv":"OUI","adresse":"9 rue Harrouys","vae":"OUI","location":[47.298035,-1.489771],"mail":"becycl@sfr.fr","tel":"0240509311","cp":"44470","desc":"BECYCL\n9 rue Harrouys"},{"velos_classiques":"OUI","tel":"0251137712","nom":"CYCLES HUTIN SPORTS","ville":"THOUARE-SUR-LOIRE","adresse":"48 rue de Nantes","vae":"OUI","observations":"www.veloland.com","mail":"veloland-nantesthouare@veloland.com","cp":"44470","location":[47.262998,-1.445504],"desc":"CYCLES HUTIN SPORTS\n48 rue de Nantes"},{"velos_classiques":"OUI","tel":"0240501285","nom":"CYCLE EVASION","ville":"NANTES","adresse":"48 route de Sainte Luce","vae":"OUI","observations":"www.cyclesevasion.fr","mail":"cyclesevasion@gmail.com","cp":"44300","location":[47.230596,-1.523213],"desc":"CYCLE EVASION\n48 route de Sainte Luce"},{"ville":"NANTES","tel":"0240490809","velos_classiques":"OUI","adresse":"148 rue du Perray","vae":"OUI","observations":"www.decathlon.fr","nom":"DECATHLON PARIDIS","cp":"44300","location":[47.251392,-1.515792],"desc":"DECATHLON PARIDIS\n148 rue du Perray"}],"ouest":[{"nom":"BIKE CENTER","tel":"0285526282","reparation_toutes_marques":"OUI","ville":"NANTES","reparation_sans_rdv":"OUI","adresse":"8 boulevard du Maréchal Alphonse Juin","vae":"OUI","observations":"www.bikecenter.fr","mail":"contact@bybike.fr","cp":"44100","location":[47.197932,-1.594274],"desc":"BIKE CENTER\n8 boulevard du Maréchal Alphonse Juin"},{"ville":"ORVAULT","reparation_toutes_marques":"OUI","velos_classiques":"OUI","adresse":"384 route de Vannes","observations":"Www.obo-bike.com Location","nom":"CYCLES FRANGER","tel":"0251786713","cp":"44700","location":[47.256128,-1.634923],"desc":"CYCLES FRANGER\n384 route de Vannes"},{"velos_classiques":"OUI","tel":"0240599368","ville":"NANTES","adresse":"7 bis rue Jacques Cartier","observations":"www.atao-insertion.fr","nom":"ATAO VELO","mail":"atao.velo@aliceadsl.fr","cp":"44300","location":[47.258715,-1.573784],"desc":"ATAO VELO\n7 bis rue Jacques Cartier"},{"velos_classiques":"OUI","reparation_toutes_marques":"OUI","nom":"CYCLES ET JARDINS","ville":"LA CHAPELLE/ERDRE","reparation_sans_rdv":"OUI","adresse":"12 place de l'Eglise","vae":"OUI","observations":"www.cycles-et-jardins.com","mail":"contact@cycles-et-jardins.com","tel":"0240720026","cp":"44240","location":[47.299685,-1.551141],"desc":"CYCLES ET JARDINS\n12 place de l'Eglise"},{"ville":"NANTES","tel":"0616826128","velos_classiques":"triporteur","adresse":"9 rue Henri Vandernotte","observations":"www.tribuletsens.fr","nom":"TRIBULETSENS","cp":"44100","location":[47.229266,-1.589712],"desc":"TRIBULETSENS\n9 rue Henri Vandernotte"},{"velos_classiques":"OUI","reparation_toutes_marques":"OUI","nom":"GIANT NANTES","ville":"NANTES","reparation_sans_rdv":"NON","adresse":"6 rue Moulin des Rochettes","vae":"OUI","observations":"www.giant-nantes.fr","mail":"lemaitre.cycles@wanadoo.fr","tel":"0240593792","cp":"44300","location":[47.261517,-1.58261],"desc":"GIANT NANTES\n6 rue Moulin des Rochettes"},{"velos_classiques":"OUI","tel":"0240261959","nom":"HOLLAND BIKES","ville":"NANTES","adresse":"1 route de Vannes","vae":"OUI","observations":"www.hollandbikes.com","mail":"royal.bikes44@orange.fr","cp":"44100","location":[47.232544,-1.577224],"desc":"HOLLAND BIKES\n1 route de Vannes"},{"ville":"SAINT-HERBLAIN","tel":"0240080101","velos_classiques":"OUI","adresse":"187 route de Vannes","vae":"OUI","observations":"www.culturevelo.com","nom":"CULTURE VELO","cp":"44800","location":[47.240041,-1.591202],"desc":"CULTURE VELO\n187 route de Vannes"},{"ville":"ORVAULT","tel":"0228256150","velos_classiques":"OUI","adresse":"286 route de Vannes","vae":"OUI","observations":"www.intersport.fr","nom":"INTERSPORT","cp":"44700","location":[47.250168,-1.616264],"desc":"INTERSPORT\n286 route de Vannes"},{"velos_classiques":"OUI","reparation_toutes_marques":"OUI","nom":"VELO & OXYGEN La Galerie du cycle","ville":"ORVAULT","reparation_sans_rdv":"OUI","adresse":"121 route de Rennes","vae":"OUI","observations":"www.velo-oxygen.fr","mail":"lagalerieducycle@orange.fr","tel":"0240404703","cp":"44700","location":[47.255028,-1.577331],"desc":"VELO & OXYGEN La Galerie du cycle\n121 route de Rennes"},{"ville":"ORVAULT","tel":"0251837272","velos_classiques":"pliant","adresse":"Centre commercial Grand ValChemin des Martinets","vae":"OUI","observations":"www.norauto.fr","nom":"NORAUTO","cp":"44700","location":[47.261264,-1.58344],"desc":"NORAUTO\nCentre commercial Grand ValChemin des Martinets"},{"velos_classiques":"pliant","reparation_toutes_marques":"NON","nom":"NORAUTO","ville":"SAINT HERBLAIN","reparation_sans_rdv":"NON","adresse":"Place Océane","vae":"OUI","observations":"www.norauto.fr","mail":"mag058@norauto.fr","tel":"0240920255","cp":"44800","location":[47.224712,-1.628722],"desc":"NORAUTO\nPlace Océane"},{"ville":"SAINT-HERBLAIN","tel":"0240920000","velos_classiques":"OUI","adresse":"Centre commercial Atlantis","vae":"OUI","observations":"www.decathlon.fr","nom":"DECATHLON ATLANTIS","cp":"44800","location":[47.223539,-1.632578],"desc":"DECATHLON ATLANTIS\nCentre commercial Atlantis"},{"velos_classiques":"OUI","tel":"0240403262","nom":"JEGOU SPORT","ville":"SAUTRON","adresse":"12 bis rue de NantesRoute de Brinberne","vae":"OUI","observations":"www.veloland.com","mail":"velolandsautron@gmail.com","cp":"44880","location":[47.256852,-1.655264],"desc":"JEGOU SPORT\n12 bis rue de NantesRoute de Brinberne"},{"velos_classiques":"pliant","tel":"0228094400","nom":"NORAUTO","ville":"LA CHAPELLE SUR ERDRE","adresse":"Centre commercial Viv'ErdreLa Berangeraie","vae":"OUI","observations":"www.norauto.fr","mail":"mag257@norauto.fr","cp":"44240","location":[47.285759,-1.546504],"desc":"NORAUTO\nCentre commercial Viv'ErdreLa Berangeraie"}],"sud":[{"ville":"REZE","tel":"0251113636","velos_classiques":"OUI","adresse":"10 rond point de la Corbinerie","vae":"OUI","observations":"www.intersport.fr","nom":"INTERSPORT","cp":"44400","location":[47.161568,-1.545541],"desc":"INTERSPORT\n10 rond point de la Corbinerie"},{"ville":"Les Sorinières","tel":"0240402147","velos_classiques":"OUI","adresse":"4 bis rue des OrfèvresZA La petite Meilleraye","observations":"www.assbike.com","nom":"ASSBIKE","cp":"44840","location":[47.15166,-1.537273],"desc":"ASSBIKE\n4 bis rue des OrfèvresZA La petite Meilleraye"},{"velos_classiques":"OUI","reparation_toutes_marques":"OUI","nom":"CYCLES EXPERT","ville":"REZE","reparation_sans_rdv":"OUI","adresse":"13 place Pierre Sémard","vae":"OUI","observations":"www.cycles-expert.comLocation","mail":"cycles.expert@gmail.com","tel":"0981006381","cp":"44400","location":[47.189692,-1.54733],"desc":"CYCLES EXPERT\n13 place Pierre Sémard"},{"ville":"REZE","tel":"0240744484","velos_classiques":"pliant","adresse":"Centre commercial Atout Sud1 rue Ordronneau","vae":"OUI","observations":"www.norauto.fr","nom":"NORAUTO","cp":"44400","location":[47.192659,-1.579022],"desc":"NORAUTO\nCentre commercial Atout Sud1 rue Ordronneau"},{"velos_classiques":"OUI","tel":"0240432576","nom":"VELO CONTACT","ville":"SAINT HERBLAIN","adresse":"360 bd Marcel Paul","vae":"OUI","observations":"http://www.velo-contact.fr/","mail":"contact@velo-contact.fr","cp":"44400","location":[47.187778,-1.557768],"desc":"VELO CONTACT\n360 bd Marcel Paul"}],"est":[{"velos_classiques":"OUI","reparation_toutes_marques":"OUI","nom":"GO SPORT","ville":"SAINT-SEBASTIEN/LOIRE","reparation_sans_rdv":"NON","adresse":"2 rue Pierre Mendès France","vae":"OUI","observations":"www.go-sport.com","mail":"r.nicod@go-sport.fr","tel":"0240347165","cp":"44230","location":[47.192278,-1.49254],"desc":"GO SPORT\n2 rue Pierre Mendès France"},{"velos_classiques":"OUI","tel":"0240806047","ville":"VERTOU","adresse":"6 allée des 5 continents – zône pôle sud","observations":"www.velo-cycle-nantes.fr","nom":"L'ATELIER DU CYCLE","mail":"atelierducycle@bbox.fr","cp":"44120","location":[47.184421,-1.460414],"desc":"L'ATELIER DU CYCLE\n6 allée des 5 continents – zône pôle sud"},{"ville":"VERTOU","tel":"0251712323","velos_classiques":"OUI","adresse":"Rue des Grands Châtaigniers","vae":"OUI","observations":"www.decathlon.fr","nom":"DECATHLON VERTOU","cp":"44120","location":[47.178351,-1.502542],"desc":"DECATHLON VERTOU\nRue des Grands Châtaigniers"},{"ville":"BASSE-GOULAINE","tel":"0240133131","velos_classiques":"OUI","adresse":"1 rue de la Terre Adélie","vae":"OUI","observations":"www.intersport.fr","nom":"INTERSPORT","cp":"44115","location":[47.187829,-1.471474],"desc":"INTERSPORT\n1 rue de la Terre Adélie"},{"ville":"SAINT SÉBASTIEN SUR LOIRE","tel":"0240030362","velos_classiques":"pliant","adresse":"Centre commercial Auchan4 rue Walt Disney","vae":"OUI","observations":"www.norauto.fr","nom":"NORAUTO","cp":"44230","location":[47.193254,-1.491984],"desc":"NORAUTO\nCentre commercial Auchan4 rue Walt Disney"},{"velos_classiques":"OUI","reparation_toutes_marques":"OUI","nom":"REV' DE CYCLES","ville":"SAINT SÉBASTIEN SUR LOIRE","reparation_sans_rdv":"NON","adresse":"2 rue du Président Aristide Briand","vae":"OUI","observations":"www.rev-de-cycles.fr","tel":"0689184038","cp":"44230","location":[47.192906,-1.518618],"desc":"REV' DE CYCLES\n2 rue du Président Aristide Briand"}]}